booking_id,student_id,property_id,country,booking_date,monthly_rent_usd,booking_status,referral_source,move_in_date
1,1102,232,Germany,2024-10-24,1931.99,Cancelled,Other,2024-12-02
2,1348,264,Australia,2023-04-24,1186.99,Cancelled,Other,2023-06-27
3,1270,217,Canada,2024-07-31,1342.0,Confirmed,Referral,2024-09-18
4,1106,295,USA,2023-12-27,1411.0,Cancelled,Instagram,2024-02-15
5,1071,248,Australia,2023-12-07,797.99,Confirmed,Referral,2024-02-21
6,1188,210,USA,2024-03-24,1543.99,Cancelled,Other,2024-05-22
7,1020,284,Australia,2023-06-29,1333.99,Cancelled,Instagram,2023-09-26
8,1102,225,UK,2024-12-02,1860.99,Cancelled,Referral,2025-01-01
9,1121,262,USA,2024-02-11,1075.0,Cancelled,Referral,2024-05-10
10,1214,288,Canada,2024-10-27,1335.0,Cancelled,Google,2024-11-25
11,1330,285,Canada,2023-07-15,864.99,Confirmed,Referral,2023-09-22
12,1087,258,Germany,2024-04-10,685.5,Cancelled,Other,2024-04-20
13,1372,226,Australia,2023-11-07,664.5,Confirmed,Referral,2023-12-04
14,1099,248,USA,2023-09-19,719.0,Confirmed,Instagram,2023-11-26
15,1359,276,Germany,2024-02-23,1072.99,Confirmed,Referral,2024-04-10
16,1151,232,USA,2024-02-10,1799.99,Confirmed,Google,2024-03-08
17,1130,297,Australia,2023-05-23,1219.0,Confirmed,Instagram,2023-06-26
18,1149,298,Canada,2023-12-08,488.5,Cancelled,Instagram,2024-02-27
19,1308,200,UK,2023-11-12,1626.5,Confirmed,Google,2023-12-04
20,1257,220,Canada,2023-04-11,1220.5,Confirmed,Other,2023-07-03
21,1343,254,Germany,2023-09-01,1400.0,Confirmed,Instagram,2023-09-26
22,1293,205,UK,2024-05-04,733.5,Confirmed,Other,2024-07-04
23,1385,291,Germany,2023-01-12,621.0,Confirmed,Instagram,2023-02-08
24,1191,280,Australia,2023-08-27,440.0,Confirmed,Instagram,2023-10-15
25,1276,268,UK,2024-07-14,467.99,Confirmed,Other,2024-08-31
26,1160,294,Germany,2023-02-11,1387.5,Confirmed,Instagram,2023-05-08
27,1313,204,Australia,2024-11-08,913.0,Confirmed,Other,2024-12-29
28,1021,202,Canada,2024-08-16,1550.5,Confirmed,Google,2024-09-29
29,1252,252,Australia,2024-03-04,1678.5,Confirmed,Other,2024-04-28
30,1235,222,USA,2023-06-07,1094.99,Cancelled,Google,2023-07-23
31,1344,252,Australia,2023-08-04,1439.5,Cancelled,Instagram,2023-08-15
32,1048,236,Australia,2024-10-31,876.99,Confirmed,Other,2024-12-24
33,1058,273,USA,2024-04-06,1485.0,Pending,Instagram,2024-05-28
34,1169,273,Germany,2023-05-14,1280.5,Confirmed,Other,2023-08-10
35,1187,282,Germany,2023-03-08,831.0,Confirmed,Google,2023-03-18
36,1270,216,Australia,2023-01-07,667.5,Pending,Google,2023-01-20
37,1189,284,USA,2024-06-09,1458.0,Confirmed,Other,2024-08-09
38,1174,277,USA,2023-03-14,1178.5,Pending,Google,2023-04-18
39,1050,272,Canada,2024-02-03,1999.5,Confirmed,Instagram,2024-02-28
40,1363,200,Germany,2024-02-09,893.5,Confirmed,Instagram,2024-03-24
41,1054,250,UK,2024-11-05,1985.5,Confirmed,Referral,2024-12-24
42,1243,244,Germany,2024-07-31,1892.5,Cancelled,Google,2024-10-20
43,1319,276,Germany,2023-05-10,1060.5,Confirmed,Instagram,2023-07-02
44,1130,203,Canada,2024-04-10,1748.5,Cancelled,Other,2024-05-04
45,1306,261,UK,2023-07-25,1727.5,Confirmed,Google,2023-08-15
46,1134,264,Canada,2023-09-23,1699.5,Confirmed,Instagram,2023-10-25
47,1020,231,UK,2024-06-20,1412.0,Confirmed,Google,2024-08-04
48,1328,233,Australia,2023-09-10,1624.99,Confirmed,Other,2023-11-19
49,1166,291,UK,2023-10-16,1868.5,Pending,Instagram,2023-11-14
50,1273,294,Canada,2023-06-13,1747.99,Confirmed,Referral,2023-08-14
51,1387,271,Germany,2023-04-05,1458.5,Cancelled,Referral,2023-05-20
52,1088,238,UK,2023-04-20,1376.5,Cancelled,Google,2023-04-30
53,1315,225,UK,2023-12-02,881.0,Confirmed,Other,2024-02-19
54,1013,233,USA,2023-08-26,1127.0,Confirmed,Instagram,2023-10-07
55,1241,253,Germany,2024-01-16,879.99,Confirmed,Other,2024-01-26
56,1264,202,Australia,2024-03-11,1488.0,Confirmed,Instagram,2024-04-29
57,1345,249,Canada,2024-04-27,1431.0,Confirmed,Google,2024-07-15
58,1052,211,Australia,2023-01-25,1724.99,Confirmed,Instagram,2023-02-12
59,1385,264,Germany,2024-10-14,742.0,Confirmed,Other,2024-12-23
60,1339,253,UK,2023-04-27,1854.5,Confirmed,Other,2023-06-10
61,1091,204,UK,2024-04-26,1847.99,Confirmed,Google,2024-05-03
62,1366,293,Germany,2024-01-27,731.99,Confirmed,Other,2024-02-24
63,1263,293,UK,2024-06-20,837.5,Cancelled,Instagram,2024-07-13
64,1034,256,UK,2023-03-20,573.0,Cancelled,Google,2023-04-11
65,1205,216,UK,2024-08-02,958.99,Confirmed,Instagram,2024-10-09
66,1080,246,Canada,2023-06-22,926.99,Confirmed,Other,2023-07-31
67,1049,222,Canada,2023-01-12,1058.5,Cancelled,Google,2023-03-19
68,1359,278,USA,2023-05-08,425.5,Confirmed,Instagram,2023-05-13
69,1387,284,Australia,2024-08-30,1219.0,Cancelled,Other,2024-09-28
70,1001,213,Germany,2023-04-02,1004.99,Confirmed,Other,2023-05-21
71,1389,265,Germany,2024-10-14,805.0,Confirmed,Referral,2024-12-06
72,1053,274,Germany,2024-06-26,631.0,Confirmed,Other,2024-07-16
73,1105,250,USA,2024-06-15,932.5,Confirmed,Instagram,2024-07-08
74,1259,237,Canada,2024-10-19,1973.99,Confirmed,Google,2024-11-15
75,1309,263,USA,2024-03-22,904.99,Confirmed,Referral,2024-06-17
76,1190,297,Germany,2024-01-25,578.99,Cancelled,Other,2024-02-23
77,1217,237,Australia,2024-11-02,531.5,Cancelled,Other,2024-11-22
78,1043,249,UK,2023-02-12,1878.5,Confirmed,Other,2023-04-11
79,1161,297,Canada,2023-09-11,747.5,Cancelled,Instagram,2023-11-27
80,1201,281,Canada,2023-05-10,939.5,Confirmed,Referral,2023-05-15
81,1269,229,USA,2023-03-01,1171.5,Confirmed,Instagram,2023-04-16
82,1350,278,Canada,2024-10-24,1829.99,Cancelled,Referral,2024-11-16
83,1303,290,Germany,2024-04-11,475.0,Confirmed,Google,2024-05-19
84,1270,250,Germany,2023-10-14,978.99,Confirmed,Instagram,2024-01-06
85,1214,262,USA,2024-05-31,1253.0,Confirmed,Instagram,2024-07-29
86,1251,297,Germany,2024-04-11,1915.5,Confirmed,Google,2024-05-03
87,1189,251,Australia,2023-12-11,593.0,Cancelled,Referral,2024-01-18
88,1295,237,USA,2024-10-03,1585.99,Cancelled,Other,2024-11-21
89,1212,296,Australia,2024-01-17,746.99,Cancelled,Google,2024-01-27
90,1207,287,UK,2024-11-20,1350.0,Cancelled,Other,2024-12-15
91,1236,278,Australia,2023-09-10,1784.5,Confirmed,Other,2023-11-23
92,1337,229,UK,2023-02-25,1510.5,Confirmed,Google,2023-04-18
93,1366,250,UK,2024-04-07,1685.99,Confirmed,Referral,2024-05-20
94,1052,280,Australia,2024-04-01,613.0,Confirmed,Other,2024-05-06
95,1279,204,USA,2023-03-24,972.5,Confirmed,Google,2023-04-07
96,1216,228,Germany,2023-04-09,1179.5,Pending,Instagram,2023-05-13
97,1251,203,Germany,2023-05-29,661.99,Confirmed,Instagram,2023-06-20
98,1187,209,UK,2023-11-25,1129.5,Confirmed,Instagram,2024-01-28
99,1379,255,UK,2023-06-05,682.0,Confirmed,Google,2023-08-21
100,1040,216,USA,2023-07-09,1890.99,Confirmed,Instagram,2023-07-28
101,1156,273,Canada,2024-05-08,1803.99,Cancelled,Other,2024-05-16
102,1014,216,Australia,2023-09-20,761.0,Confirmed,Instagram,2023-11-26
103,1300,283,UK,2023-03-21,1872.99,Confirmed,Instagram,2023-05-04
104,1064,287,Germany,2024-02-04,840.5,Cancelled,Other,2024-02-17
105,1344,268,USA,2024-08-31,492.5,Confirmed,Instagram,2024-09-13
106,1326,233,Australia,2023-09-17,1152.0,Confirmed,Other,2023-10-17
107,1008,205,USA,2024-09-06,1266.5,Cancelled,Instagram,2024-09-14
108,1343,252,Australia,2024-07-05,1847.0,Cancelled,Other,2024-09-28
109,1128,265,Australia,2023-04-11,541.0,Confirmed,Instagram,2023-05-01
110,1135,276,UK,2023-12-25,1714.5,Cancelled,Other,2024-01-13
111,1062,242,USA,2024-01-15,1855.0,Cancelled,Google,2024-03-11
112,1138,274,USA,2023-08-09,1148.5,Confirmed,Other,2023-10-21
113,1080,222,Germany,2024-02-24,1052.99,Pending,Instagram,2024-03-04
114,1391,254,Germany,2023-05-04,1100.99,Cancelled,Instagram,2023-05-28
115,1162,279,UK,2024-02-26,1397.0,Cancelled,Referral,2024-05-19
116,1288,294,UK,2023-08-19,448.5,Cancelled,Other,2023-09-10
117,1378,274,Canada,2024-11-20,1725.5,Confirmed,Google,2024-11-26
118,1260,215,Germany,2023-03-04,1280.99,Confirmed,Other,2023-03-21
119,1230,207,Australia,2024-04-29,1613.99,Confirmed,Other,2024-05-07
120,1040,203,USA,2024-09-19,1559.5,Confirmed,Google,2024-11-04
121,1027,203,UK,2024-12-03,954.0,Confirmed,Other,2025-02-19
122,1134,255,USA,2024-07-27,803.99,Cancelled,Google,2024-09-30
123,1200,224,USA,2024-04-27,1291.0,Cancelled,Google,2024-05-09
124,1327,266,Canada,2024-06-02,1264.0,Confirmed,Other,2024-08-12
125,1267,295,Germany,2023-06-04,1001.99,Cancelled,Other,2023-08-10
126,1032,266,UK,2023-04-02,740.0,Cancelled,Instagram,2023-04-15
127,1047,226,USA,2024-06-09,1103.0,Confirmed,Instagram,2024-06-24
128,1061,292,UK,2024-03-30,717.5,Confirmed,Referral,2024-05-15
129,1215,231,Australia,2024-08-20,1017.0,Confirmed,Referral,2024-09-06
130,1292,249,Canada,2024-10-06,1786.5,Cancelled,Other,2024-11-15
131,1098,260,Australia,2024-05-24,781.99,Confirmed,Google,2024-06-10
132,1171,250,UK,2023-07-02,632.99,Cancelled,Referral,2023-07-18
133,1359,218,UK,2024-01-21,1767.5,Confirmed,Other,2024-03-02
134,1213,220,Germany,2024-07-27,1972.99,Cancelled,Referral,2024-10-13
135,1034,204,USA,2024-12-31,1216.0,Cancelled,Google,2025-03-18
136,1226,281,USA,2024-02-09,952.0,Cancelled,Other,2024-04-05
137,1100,291,Australia,2023-09-03,1952.0,Pending,Google,2023-11-17
138,1130,241,Canada,2024-08-13,1255.99,Cancelled,Other,2024-08-19
139,1256,260,USA,2024-10-22,1218.0,Pending,Referral,2024-12-21
140,1004,221,Germany,2024-10-11,1994.99,Pending,Instagram,2024-12-14
141,1217,220,Australia,2024-04-15,582.0,Cancelled,Referral,2024-05-12
142,1254,269,Australia,2024-02-27,1464.5,Cancelled,Referral,2024-04-11
143,1397,200,Germany,2023-03-06,1974.99,Confirmed,Instagram,2023-05-13
144,1358,204,Canada,2023-01-13,796.99,Confirmed,Instagram,2023-04-12
145,1282,211,Germany,2023-08-01,1178.0,Confirmed,Other,2023-08-28
146,1392,289,Canada,2023-08-30,1917.99,Confirmed,Other,2023-10-02
147,1206,245,Germany,2024-05-07,1306.99,Confirmed,Google,2024-07-28
148,1014,233,Germany,2023-08-01,1756.5,Pending,Google,2023-09-25
149,1345,248,UK,2024-11-23,526.5,Cancelled,Referral,2025-02-04
150,1041,277,Australia,2023-12-04,1981.0,Cancelled,Instagram,2024-01-08
151,1379,289,Germany,2023-06-22,1980.5,Confirmed,Google,2023-08-15
152,1178,244,Germany,2024-11-02,400.0,Confirmed,Referral,2024-11-26
153,1062,226,USA,2023-06-13,1591.0,Confirmed,Instagram,2023-08-11
154,1351,272,Australia,2024-04-09,418.0,Confirmed,Other,2024-07-03
155,1230,225,USA,2024-05-11,1755.99,Confirmed,Referral,2024-05-17
156,1240,246,Australia,2024-11-30,983.5,Confirmed,Other,2024-12-29
157,1051,285,USA,2024-01-30,855.0,Pending,Google,2024-02-16
158,1095,255,Germany,2024-12-03,1356.5,Cancelled,Google,2025-02-15
159,1387,293,Germany,2023-11-04,1532.0,Confirmed,Instagram,2024-01-14
160,1221,262,UK,2023-07-02,1691.5,Confirmed,Referral,2023-09-02
161,1230,247,USA,2024-09-20,844.5,Confirmed,Other,2024-12-15
162,1236,260,Canada,2024-05-24,1663.0,Confirmed,Instagram,2024-08-11
163,1142,280,UK,2024-12-08,1724.99,Pending,Google,2025-03-06
164,1170,225,USA,2024-06-29,1001.5,Confirmed,Google,2024-09-05
165,1028,235,USA,2024-07-17,502.99,Confirmed,Referral,2024-09-28
166,1035,200,UK,2024-09-15,1387.99,Confirmed,Other,2024-12-11
167,1012,207,Germany,2024-08-16,1673.0,Confirmed,Referral,2024-10-18
168,1159,298,USA,2023-08-15,1876.0,Confirmed,Other,2023-10-18
169,1326,251,Germany,2024-03-11,919.0,Cancelled,Other,2024-06-06
170,1186,278,UK,2024-02-26,1576.5,Cancelled,Referral,2024-05-02
171,1242,246,Germany,2024-07-07,1258.0,Confirmed,Instagram,2024-07-27
172,1085,255,Australia,2023-01-21,573.0,Confirmed,Referral,2023-04-03
173,1283,285,Canada,2024-07-07,1766.5,Confirmed,Referral,2024-07-26
174,1065,213,USA,2024-02-01,1404.5,Cancelled,Google,2024-03-31
175,1169,289,Canada,2024-09-16,830.0,Confirmed,Google,2024-10-25
176,1044,227,Germany,2023-04-15,1126.0,Confirmed,Referral,2023-06-13
177,1061,286,USA,2023-07-11,1249.0,Confirmed,Referral,2023-07-29
178,1133,277,Germany,2023-01-17,1747.0,Confirmed,Google,2023-03-11
179,1283,287,Australia,2023-04-30,1389.99,Confirmed,Other,2023-07-26
180,1027,201,UK,2024-01-28,1038.99,Confirmed,Referral,2024-02-08
181,1107,225,USA,2024-02-29,819.0,Confirmed,Instagram,2024-04-03
182,1043,213,Australia,2023-05-09,993.99,Cancelled,Instagram,2023-08-04
183,1339,258,Australia,2023-05-10,884.5,Confirmed,Instagram,2023-07-02
184,1285,255,USA,2024-07-25,811.99,Pending,Referral,2024-08-14
185,1330,206,Germany,2024-07-13,1335.99,Confirmed,Other,2024-09-06
186,1127,202,Australia,2023-01-29,1507.0,Pending,Other,2023-04-15
187,1347,222,Canada,2023-04-07,1536.99,Cancelled,Google,2023-07-02
188,1230,217,Australia,2023-01-10,731.99,Confirmed,Referral,2023-04-04
189,1189,237,Germany,2023-08-30,1801.99,Cancelled,Other,2023-11-25
190,1224,298,Germany,2023-08-20,1054.99,Confirmed,Referral,2023-10-05
191,1384,214,Canada,2023-10-11,440.5,Pending,Google,2023-11-01
192,1376,263,Australia,2024-12-15,1358.0,Confirmed,Google,2025-02-20
193,1282,288,Germany,2024-12-26,504.0,Confirmed,Google,2025-02-13
194,1120,227,USA,2023-07-19,601.5,Confirmed,Instagram,2023-10-08
195,1115,273,UK,2023-03-20,849.99,Pending,Referral,2023-03-31
196,1232,238,UK,2023-06-22,1689.5,Confirmed,Google,2023-07-23
197,1258,256,UK,2024-04-11,1309.99,Confirmed,Referral,2024-04-25
198,1358,216,Australia,2024-08-03,609.5,Cancelled,Instagram,2024-09-10
199,1197,285,Canada,2024-02-20,962.0,Cancelled,Instagram,2024-03-31
200,1136,289,Germany,2024-03-24,1541.0,Confirmed,Google,2024-04-22
201,1317,243,USA,2023-03-28,1112.0,Confirmed,Google,2023-04-07
202,1164,224,USA,2023-04-11,1800.99,Confirmed,Other,2023-05-09
203,1224,216,Australia,2023-01-08,1974.99,Confirmed,Referral,2023-01-30
204,1306,212,UK,2023-07-19,1963.5,Confirmed,Google,2023-07-29
205,1233,283,Australia,2024-05-19,1170.5,Pending,Other,2024-06-21
206,1171,224,Canada,2023-03-28,1507.0,Confirmed,Referral,2023-04-26
207,1151,267,Canada,2023-02-12,853.99,Cancelled,Google,2023-04-12
208,1314,209,Germany,2024-01-20,1066.5,Confirmed,Other,2024-04-14
209,1373,266,Germany,2024-09-12,1028.99,Confirmed,Other,2024-11-01
210,1159,217,Canada,2024-03-10,1937.99,Confirmed,Referral,2024-04-07
211,1095,299,Canada,2024-02-12,786.0,Confirmed,Other,2024-05-01
212,1232,285,Canada,2024-04-27,1773.0,Cancelled,Referral,2024-05-27
213,1179,233,Australia,2024-10-25,695.99,Pending,Referral,2024-11-26
214,1112,207,Canada,2023-01-17,657.99,Confirmed,Referral,2023-01-24
215,1317,239,USA,2024-10-06,1504.99,Pending,Instagram,2024-12-24
216,1051,282,UK,2023-05-28,667.99,Cancelled,Other,2023-07-09
217,1267,241,Canada,2023-10-04,818.0,Confirmed,Referral,2023-12-08
218,1294,240,UK,2023-08-20,634.5,Cancelled,Google,2023-11-10
219,1385,205,Australia,2024-01-01,1734.0,Confirmed,Instagram,2024-02-25
220,1386,251,UK,2023-08-16,1385.5,Confirmed,Instagram,2023-10-07
221,1112,225,Australia,2024-10-12,1780.99,Cancelled,Other,2024-11-06
222,1100,263,USA,2024-03-11,1636.5,Confirmed,Referral,2024-05-08
223,1112,297,Australia,2024-02-03,973.0,Confirmed,Other,2024-04-03
224,1080,258,Australia,2023-07-30,448.0,Cancelled,Instagram,2023-10-01
225,1186,255,Germany,2024-01-26,1550.99,Confirmed,Referral,2024-04-11
226,1112,258,Canada,2024-05-13,622.0,Confirmed,Google,2024-07-07
227,1001,269,Canada,2024-06-23,1320.99,Pending,Referral,2024-07-17
228,1129,232,USA,2024-07-16,1702.0,Confirmed,Instagram,2024-09-17
229,1219,252,USA,2024-05-05,1831.0,Confirmed,Google,2024-07-19
230,1053,221,Canada,2024-03-17,1928.99,Cancelled,Referral,2024-03-30
231,1342,220,Germany,2023-09-18,1717.5,Confirmed,Google,2023-09-23
232,1223,269,Canada,2023-12-16,676.0,Confirmed,Google,2024-01-18
233,1224,269,Germany,2023-12-18,1861.5,Pending,Instagram,2024-02-23
234,1384,203,USA,2024-06-03,1530.0,Cancelled,Google,2024-08-18
235,1125,293,UK,2023-11-16,819.0,Confirmed,Other,2024-01-15
236,1129,274,USA,2023-05-18,1010.0,Cancelled,Instagram,2023-07-29
237,1052,261,USA,2024-07-03,1852.0,Cancelled,Other,2024-08-11
238,1171,261,Australia,2024-09-14,774.5,Confirmed,Google,2024-09-21
239,1217,293,Australia,2024-01-03,472.5,Confirmed,Other,2024-01-14
240,1159,294,Australia,2023-08-08,1453.0,Confirmed,Referral,2023-09-08
241,1197,223,Australia,2023-12-03,1611.0,Cancelled,Google,2023-12-08
242,1246,254,Germany,2023-08-11,1787.5,Confirmed,Referral,2023-11-03
243,1323,208,Canada,2024-10-09,1874.99,Confirmed,Other,2024-12-23
244,1202,202,UK,2023-12-26,594.99,Pending,Referral,2024-02-12
245,1183,230,USA,2023-11-25,1579.5,Cancelled,Google,2024-01-09
246,1122,239,Germany,2024-04-07,1595.0,Confirmed,Referral,2024-06-25
247,1254,235,UK,2024-07-14,1246.0,Confirmed,Other,2024-08-29
248,1293,223,Germany,2024-01-17,1464.99,Confirmed,Other,2024-02-23
249,1279,294,Germany,2024-08-12,1486.99,Confirmed,Other,2024-10-05
250,1324,205,USA,2024-09-08,422.5,Cancelled,Google,2024-11-14
251,1371,265,Canada,2023-06-18,759.99,Cancelled,Other,2023-07-29
252,1097,283,Australia,2023-08-05,1498.5,Confirmed,Google,2023-10-07
253,1197,291,Canada,2024-01-13,959.99,Confirmed,Referral,2024-04-07
254,1394,274,USA,2023-04-29,1071.99,Cancelled,Other,2023-06-20
255,1239,203,USA,2023-07-09,1541.99,Confirmed,Referral,2023-07-18
256,1143,278,USA,2024-01-05,1803.0,Confirmed,Instagram,2024-02-26
257,1096,205,UK,2023-05-29,1078.0,Confirmed,Referral,2023-06-05
258,1200,293,Canada,2024-11-06,1713.0,Confirmed,Instagram,2024-12-27
259,1123,250,Canada,2024-10-13,839.99,Pending,Referral,2024-12-18
260,1186,261,Germany,2024-05-02,1332.5,Confirmed,Google,2024-05-20
261,1325,256,Germany,2024-01-09,406.5,Confirmed,Referral,2024-03-16
262,1348,265,Germany,2024-11-23,1619.5,Confirmed,Google,2025-01-27
263,1258,278,USA,2023-06-09,820.5,Pending,Google,2023-07-14
264,1147,274,Canada,2023-12-17,1991.0,Confirmed,Other,2024-01-07
265,1251,207,USA,2023-10-15,1232.0,Confirmed,Google,2023-11-12
266,1345,225,UK,2023-10-15,1616.99,Confirmed,Instagram,2023-11-11
267,1146,250,Germany,2023-08-14,958.99,Confirmed,Other,2023-11-08
268,1147,244,USA,2024-06-06,1571.5,Confirmed,Other,2024-07-30
269,1351,243,USA,2024-06-05,1625.0,Confirmed,Referral,2024-08-26
270,1198,204,UK,2023-09-30,1867.5,Confirmed,Google,2023-12-22
271,1307,269,Australia,2024-02-06,1313.99,Confirmed,Google,2024-04-29
272,1127,225,Canada,2023-07-02,1842.99,Cancelled,Instagram,2023-09-14
273,1038,267,Australia,2024-10-26,1850.5,Confirmed,Referral,2024-11-26
274,1337,218,Germany,2024-05-02,1406.99,Confirmed,Referral,2024-05-21
275,1359,283,USA,2023-05-04,1902.5,Confirmed,Other,2023-06-27
276,1128,296,UK,2024-09-17,1898.0,Pending,Other,2024-10-27
277,1266,219,UK,2024-02-18,525.5,Confirmed,Other,2024-03-01
278,1150,211,Canada,2024-12-25,794.0,Cancelled,Instagram,2025-03-18
279,1297,246,Australia,2023-06-21,1216.0,Cancelled,Instagram,2023-06-28
280,1098,200,Canada,2023-10-15,1280.99,Confirmed,Other,2023-12-20
281,1262,289,USA,2024-03-10,975.99,Pending,Referral,2024-04-30
282,1251,213,Canada,2024-11-16,724.99,Confirmed,Instagram,2025-02-05
283,1143,263,UK,2023-04-23,1815.5,Confirmed,Referral,2023-06-27
284,1345,237,UK,2023-05-02,1329.5,Cancelled,Referral,2023-06-07
285,1111,236,Germany,2024-06-27,1863.99,Cancelled,Google,2024-07-14
286,1059,210,Germany,2023-08-10,1627.5,Confirmed,Other,2023-08-15
287,1368,299,USA,2024-09-22,1909.99,Confirmed,Google,2024-10-30
288,1001,276,Australia,2023-02-08,1232.5,Confirmed,Other,2023-04-15
289,1384,202,Canada,2024-05-11,1454.0,Cancelled,Other,2024-08-02
290,1303,232,USA,2023-08-21,1811.0,Confirmed,Referral,2023-11-11
291,1253,205,Germany,2024-06-13,1857.99,Confirmed,Other,2024-09-07
292,1139,249,Canada,2023-05-29,1236.5,Confirmed,Referral,2023-08-12
293,1036,209,Germany,2024-02-01,1325.5,Confirmed,Referral,2024-03-07
294,1159,204,Canada,2024-10-22,1799.0,Cancelled,Other,2024-12-29
295,1008,222,Australia,2024-09-29,1767.0,Confirmed,Referral,2024-10-28
296,1232,209,USA,2023-10-29,842.99,Pending,Referral,2023-12-10
297,1098,243,Canada,2023-12-26,474.0,Confirmed,Referral,2024-01-13
298,1146,201,UK,2023-08-26,956.99,Cancelled,Instagram,2023-09-07
299,1303,212,UK,2024-10-08,1578.0,Confirmed,Referral,2024-12-05
300,1207,239,Canada,2024-10-24,1853.0,Confirmed,Instagram,2024-10-30
301,1130,201,Canada,2023-08-24,762.5,Confirmed,Instagram,2023-11-17
302,1151,283,Canada,2023-07-22,847.0,Confirmed,Referral,2023-10-12
303,1053,264,UK,2023-09-13,1657.0,Confirmed,Referral,2023-11-12
304,1119,262,UK,2024-08-20,1986.99,Pending,Instagram,2024-11-16
305,1160,272,Canada,2024-10-23,661.0,Cancelled,Instagram,2025-01-20
306,1115,216,Germany,2023-08-23,524.99,Confirmed,Referral,2023-10-27
307,1074,208,Germany,2023-12-11,1310.0,Confirmed,Referral,2024-01-06
308,1112,274,Australia,2024-06-17,644.0,Confirmed,Other,2024-07-26
309,1103,214,USA,2024-04-10,941.99,Confirmed,Instagram,2024-04-30
310,1339,223,Germany,2024-06-24,884.5,Cancelled,Instagram,2024-08-17
311,1253,237,UK,2023-08-01,521.99,Pending,Other,2023-09-17
312,1226,234,Germany,2024-04-07,524.99,Confirmed,Instagram,2024-04-28
313,1111,293,Australia,2024-03-11,1972.99,Confirmed,Google,2024-06-03
314,1098,294,Australia,2023-10-10,569.5,Confirmed,Instagram,2023-12-11
315,1152,248,USA,2024-07-15,523.0,Cancelled,Other,2024-07-21
316,1348,268,Germany,2024-08-29,1458.99,Confirmed,Google,2024-09-06
317,1383,261,UK,2024-04-07,1510.99,Cancelled,Referral,2024-07-05
318,1365,259,UK,2024-02-11,1045.5,Cancelled,Other,2024-03-25
319,1337,249,Canada,2023-03-29,1185.99,Confirmed,Other,2023-04-08
320,1193,277,UK,2023-02-13,600.0,Cancelled,Referral,2023-05-09
321,1309,274,USA,2024-04-05,768.5,Confirmed,Other,2024-06-17
322,1162,208,USA,2023-10-05,1196.0,Cancelled,Instagram,2023-12-17
323,1207,233,UK,2024-11-13,476.0,Confirmed,Referral,2024-12-07
324,1168,275,UK,2024-02-25,458.5,Confirmed,Other,2024-05-03
325,1160,298,Canada,2024-12-01,830.99,Pending,Referral,2024-12-21
326,1067,234,UK,2023-12-19,1037.0,Cancelled,Referral,2024-02-12
327,1288,200,Canada,2024-11-26,1923.0,Cancelled,Referral,2025-01-06
328,1397,239,Canada,2024-05-29,508.0,Confirmed,Google,2024-08-14
329,1276,263,UK,2024-12-03,1407.0,Cancelled,Other,2025-02-14
330,1303,221,Australia,2024-09-21,1701.5,Confirmed,Google,2024-11-06
331,1383,259,Australia,2023-01-19,467.5,Cancelled,Other,2023-03-21
332,1391,263,Canada,2023-01-23,1492.0,Confirmed,Instagram,2023-04-03
333,1134,292,UK,2024-02-17,1588.99,Pending,Instagram,2024-03-01
334,1194,271,Australia,2023-01-30,1912.0,Pending,Instagram,2023-04-08
335,1127,210,UK,2023-04-18,704.99,Cancelled,Other,2023-05-14
336,1032,213,UK,2024-01-02,1073.0,Confirmed,Referral,2024-02-09
337,1175,259,UK,2023-10-08,764.99,Confirmed,Referral,2023-12-06
338,1370,229,Germany,2023-05-08,1220.0,Cancelled,Google,2023-06-10
339,1374,234,UK,2023-08-17,1802.99,Confirmed,Google,2023-09-28
340,1021,284,Germany,2023-04-21,742.0,Cancelled,Instagram,2023-05-13
341,1237,236,Canada,2023-05-16,1346.0,Confirmed,Google,2023-07-30
342,1157,204,Australia,2023-12-28,1298.99,Confirmed,Other,2024-03-06
343,1037,282,Australia,2023-07-05,1977.5,Pending,Other,2023-07-10
344,1229,277,Australia,2024-10-17,1777.99,Confirmed,Google,2024-10-25
345,1364,225,Australia,2024-08-06,1839.5,Confirmed,Google,2024-08-14
346,1050,261,Australia,2023-05-09,1532.0,Confirmed,Google,2023-08-03
347,1263,203,Australia,2023-09-18,1986.99,Confirmed,Google,2023-10-19
348,1282,288,Australia,2024-05-29,1161.99,Cancelled,Instagram,2024-07-15
349,1026,241,Canada,2024-03-24,1920.99,Confirmed,Instagram,2024-05-26
350,1225,288,UK,2023-04-14,740.5,Pending,Google,2023-05-20
351,1276,217,USA,2024-04-27,1341.5,Cancelled,Other,2024-06-03
352,1285,239,Germany,2023-08-12,782.0,Confirmed,Instagram,2023-09-13
353,1096,271,USA,2024-05-05,1403.5,Cancelled,Other,2024-07-03
354,1283,238,USA,2024-04-17,1956.5,Confirmed,Referral,2024-06-20
355,1366,213,UK,2023-01-10,699.0,Confirmed,Other,2023-03-25
356,1316,231,UK,2024-02-09,538.99,Pending,Google,2024-04-15
357,1303,250,UK,2023-10-29,758.99,Confirmed,Referral,2024-01-21
358,1146,237,Australia,2023-08-19,1235.0,Confirmed,Instagram,2023-09-26
359,1003,296,Canada,2024-12-31,1922.99,Confirmed,Instagram,2025-03-01
360,1034,222,Australia,2023-03-07,1808.5,Confirmed,Referral,2023-03-24
361,1191,262,Canada,2023-04-22,1703.0,Confirmed,Other,2023-06-21
362,1048,214,Canada,2023-01-13,882.0,Cancelled,Instagram,2023-02-04
363,1016,296,USA,2024-01-28,1308.0,Confirmed,Google,2024-03-26
364,1171,224,USA,2024-05-14,1534.99,Confirmed,Referral,2024-08-03
365,1219,216,Canada,2024-08-20,1265.0,Confirmed,Google,2024-10-06
366,1157,296,Canada,2023-08-22,538.0,Confirmed,Referral,2023-10-04
367,1045,265,Australia,2024-08-24,1395.0,Confirmed,Instagram,2024-10-28
368,1372,277,Australia,2023-11-10,834.99,Confirmed,Other,2023-12-26
369,1005,252,USA,2024-07-19,908.5,Confirmed,Referral,2024-10-12
370,1098,250,UK,2023-01-12,672.0,Confirmed,Referral,2023-04-05
371,1379,238,Canada,2023-07-28,1522.5,Confirmed,Google,2023-08-19
372,1232,250,Australia,2023-01-14,503.99,Confirmed,Instagram,2023-02-10
373,1036,269,USA,2024-09-24,1637.99,Pending,Google,2024-11-21
374,1279,205,Australia,2024-02-22,1161.99,Pending,Instagram,2024-03-27
375,1348,266,Canada,2024-03-12,1186.99,Confirmed,Google,2024-05-13
376,1301,206,Canada,2024-01-12,564.5,Pending,Referral,2024-03-24
377,1180,250,Germany,2023-01-20,1398.0,Cancelled,Google,2023-04-01
378,1094,271,UK,2024-08-09,919.99,Confirmed,Other,2024-10-23
379,1098,241,Germany,2023-03-11,1707.99,Confirmed,Instagram,2023-04-02
380,1187,263,USA,2023-07-30,916.5,Cancelled,Instagram,2023-08-10
381,1115,214,Australia,2023-04-11,1056.5,Cancelled,Referral,2023-05-25
382,1190,228,USA,2024-11-28,1012.99,Confirmed,Instagram,2025-02-10
383,1252,232,Canada,2023-05-12,563.0,Cancelled,Other,2023-07-20
384,1160,293,Germany,2024-09-14,463.0,Confirmed,Google,2024-11-25
385,1255,226,Germany,2024-01-16,1514.99,Cancelled,Referral,2024-03-09
386,1322,235,Germany,2023-05-12,1540.5,Pending,Other,2023-07-07
387,1127,228,USA,2023-01-20,666.99,Confirmed,Instagram,2023-02-22
388,1017,237,Canada,2024-06-19,1982.99,Cancelled,Instagram,2024-07-14
389,1280,256,Australia,2023-08-15,1563.5,Confirmed,Other,2023-11-05
390,1222,296,Australia,2023-06-03,645.99,Cancelled,Google,2023-06-16
391,1053,226,USA,2024-04-13,794.99,Cancelled,Google,2024-06-03
392,1057,254,Germany,2024-02-09,1910.99,Confirmed,Referral,2024-04-29
393,1322,232,UK,2023-07-21,875.5,Confirmed,Instagram,2023-09-05
394,1359,267,USA,2023-02-07,1940.0,Confirmed,Other,2023-04-03
395,1173,285,USA,2023-07-07,1376.0,Cancelled,Google,2023-09-05
396,1279,265,Canada,2023-02-26,1607.5,Confirmed,Referral,2023-04-22
397,1113,209,Australia,2023-01-20,1443.0,Cancelled,Instagram,2023-04-04
398,1287,204,USA,2023-09-30,957.99,Confirmed,Instagram,2023-10-24
399,1341,273,USA,2023-04-29,1417.0,Confirmed,Referral,2023-05-30
400,1150,296,Germany,2024-08-05,1947.99,Confirmed,Referral,2024-09-16
401,1126,237,Germany,2024-05-30,1952.0,Cancelled,Google,2024-08-14
402,1154,212,UK,2023-08-09,1282.5,Pending,Other,2023-10-17
403,1385,230,Canada,2024-06-09,546.0,Pending,Instagram,2024-08-06
404,1272,246,UK,2024-05-29,1065.0,Cancelled,Other,2024-06-26
405,1103,299,Germany,2024-12-28,1727.0,Cancelled,Instagram,2025-02-17
406,1392,287,Australia,2023-12-02,1019.5,Confirmed,Instagram,2024-02-15
407,1298,251,Germany,2024-11-28,1219.0,Confirmed,Other,2025-02-23
408,1245,255,Canada,2023-02-24,1263.5,Confirmed,Referral,2023-05-02
409,1175,214,Germany,2024-05-14,981.99,Cancelled,Google,2024-07-14
410,1038,228,Canada,2024-06-19,1422.0,Pending,Instagram,2024-08-17
411,1169,207,Canada,2023-06-11,1094.5,Confirmed,Referral,2023-08-14
412,1246,204,Canada,2024-10-31,1651.5,Pending,Instagram,2025-01-05
413,1025,228,Canada,2024-08-16,1525.0,Cancelled,Google,2024-09-19
414,1354,246,Canada,2023-06-08,1840.99,Confirmed,Instagram,2023-07-04
415,1305,267,Australia,2023-07-07,1639.5,Confirmed,Google,2023-09-24
416,1012,275,UK,2023-03-01,806.0,Confirmed,Google,2023-05-28
417,1315,244,USA,2023-11-15,798.99,Confirmed,Instagram,2023-12-18
418,1390,201,UK,2023-07-30,1114.5,Cancelled,Instagram,2023-09-13
419,1312,226,Canada,2024-02-10,1103.5,Confirmed,Google,2024-03-27
420,1035,294,Australia,2024-10-25,1160.99,Confirmed,Referral,2025-01-02
421,1172,235,Germany,2023-04-19,898.99,Cancelled,Other,2023-05-24
422,1019,235,Australia,2023-03-17,1888.0,Cancelled,Google,2023-04-20
423,1320,225,Canada,2024-06-25,1373.0,Pending,Instagram,2024-07-17
424,1263,242,Australia,2023-11-10,481.5,Confirmed,Instagram,2023-12-01
425,1399,226,Australia,2023-04-27,1003.99,Confirmed,Referral,2023-06-08
426,1141,268,Canada,2024-12-04,1171.99,Cancelled,Other,2024-12-22
427,1370,219,Australia,2023-01-19,1302.99,Confirmed,Google,2023-04-12
428,1142,210,USA,2024-03-07,764.5,Confirmed,Google,2024-05-06
429,1091,273,USA,2024-11-15,562.99,Confirmed,Other,2024-12-11
430,1353,237,Australia,2023-12-16,1471.99,Confirmed,Google,2024-02-25
431,1321,205,Germany,2023-07-02,910.5,Confirmed,Other,2023-08-31
432,1287,271,Canada,2023-04-23,1752.0,Confirmed,Instagram,2023-05-16
433,1214,222,USA,2023-07-02,515.0,Confirmed,Other,2023-09-01
434,1341,246,Germany,2024-04-25,1340.5,Confirmed,Google,2024-06-12
435,1050,289,Australia,2023-05-26,736.99,Confirmed,Other,2023-07-04
436,1152,245,Germany,2024-09-19,1280.5,Confirmed,Referral,2024-09-24
437,1185,211,UK,2023-04-23,1136.0,Cancelled,Instagram,2023-06-18
438,1062,289,USA,2024-04-20,1239.0,Confirmed,Instagram,2024-07-18
439,1189,212,Australia,2023-10-30,546.5,Confirmed,Other,2024-01-12
440,1124,261,Canada,2023-04-28,1998.5,Confirmed,Google,2023-06-08
441,1149,281,Australia,2023-06-10,1746.0,Confirmed,Referral,2023-08-18
442,1313,288,Canada,2024-02-05,842.5,Confirmed,Instagram,2024-03-31
443,1057,296,Australia,2023-07-17,1236.0,Confirmed,Instagram,2023-07-22
444,1341,259,Germany,2023-09-17,1436.5,Pending,Google,2023-10-12
445,1304,242,Germany,2024-10-21,1342.5,Confirmed,Google,2024-12-17
446,1179,275,Germany,2023-02-16,1917.5,Confirmed,Referral,2023-03-08
447,1169,299,UK,2024-02-03,686.0,Cancelled,Other,2024-04-08
448,1325,267,Canada,2024-12-10,1119.5,Confirmed,Google,2025-02-06
449,1270,204,Germany,2024-07-12,1537.0,Confirmed,Other,2024-08-25
450,1053,236,UK,2023-03-19,879.0,Confirmed,Referral,2023-04-18
451,1100,271,Canada,2023-05-04,421.5,Cancelled,Other,2023-07-27
452,1263,291,Australia,2023-03-16,1772.5,Confirmed,Instagram,2023-05-24
453,1052,230,UK,2023-05-17,1082.0,Confirmed,Other,2023-08-03
454,1059,208,USA,2024-08-24,1989.0,Confirmed,Referral,2024-10-31
455,1107,250,UK,2024-02-04,1305.99,Cancelled,Referral,2024-03-22
456,1004,228,UK,2024-05-19,719.0,Confirmed,Referral,2024-06-09
457,1102,277,Canada,2024-05-14,525.99,Pending,Other,2024-07-16
458,1195,239,Australia,2024-07-26,676.99,Confirmed,Instagram,2024-08-22
459,1261,240,USA,2023-05-18,1627.99,Pending,Google,2023-05-29
460,1364,285,Germany,2023-02-19,593.5,Pending,Instagram,2023-04-08
461,1371,210,Germany,2024-09-10,1970.5,Confirmed,Other,2024-11-06
462,1349,222,UK,2024-09-16,1095.0,Confirmed,Other,2024-11-30
463,1046,200,Canada,2023-09-11,1709.99,Confirmed,Google,2023-12-03
464,1354,245,Canada,2024-09-21,456.5,Confirmed,Other,2024-10-29
465,1310,220,Germany,2024-12-10,1726.5,Cancelled,Referral,2025-01-29
466,1307,289,USA,2024-07-16,1586.5,Confirmed,Referral,2024-09-26
467,1143,235,Australia,2024-03-01,418.5,Confirmed,Referral,2024-05-22
468,1268,253,USA,2024-06-30,1793.5,Confirmed,Referral,2024-09-20
469,1369,286,Australia,2023-10-29,663.99,Pending,Referral,2023-11-18
470,1123,256,Germany,2024-08-03,1193.99,Confirmed,Other,2024-10-17
471,1105,200,Australia,2023-12-15,512.99,Confirmed,Google,2024-01-07
472,1157,262,Canada,2023-02-18,1911.99,Confirmed,Google,2023-02-24
473,1146,253,UK,2023-03-15,1750.0,Pending,Referral,2023-03-29
474,1144,254,UK,2024-12-04,941.99,Confirmed,Other,2025-01-27
475,1119,239,Germany,2023-09-18,1046.5,Confirmed,Instagram,2023-12-12
476,1318,214,Canada,2023-12-22,978.99,Confirmed,Instagram,2024-01-07
477,1274,220,USA,2024-08-04,1488.0,Confirmed,Other,2024-10-17
478,1091,246,Canada,2024-08-24,1715.5,Confirmed,Referral,2024-09-19
479,1057,272,UK,2023-09-17,424.99,Pending,Google,2023-10-23
480,1345,252,UK,2024-09-29,1972.99,Cancelled,Other,2024-12-26
481,1228,208,Canada,2023-10-22,400.99,Confirmed,Instagram,2023-10-27
482,1116,273,Canada,2024-10-02,1310.5,Cancelled,Instagram,2024-11-29
483,1317,251,UK,2023-11-09,1972.5,Confirmed,Instagram,2024-01-10
484,1278,256,USA,2024-09-03,540.0,Cancelled,Referral,2024-11-16
485,1126,225,Germany,2023-07-01,1047.5,Cancelled,Instagram,2023-09-26
486,1392,240,Germany,2024-11-16,587.5,Confirmed,Other,2024-12-08
487,1395,234,Canada,2023-12-30,1551.99,Cancelled,Other,2024-01-09
488,1128,262,Germany,2023-07-07,600.5,Confirmed,Instagram,2023-08-25
489,1057,224,UK,2024-07-22,1550.99,Confirmed,Other,2024-08-18
490,1121,289,UK,2024-06-26,656.99,Confirmed,Instagram,2024-07-23
491,1000,274,Canada,2024-08-18,946.5,Confirmed,Instagram,2024-09-17
492,1238,237,Canada,2024-10-25,593.0,Cancelled,Google,2025-01-14
493,1289,201,Canada,2024-07-01,1102.0,Pending,Referral,2024-07-12
494,1095,206,USA,2024-12-25,1527.5,Confirmed,Referral,2025-03-18
495,1125,281,Germany,2024-02-12,1958.0,Cancelled,Google,2024-03-31
496,1117,290,Canada,2024-09-09,1688.99,Cancelled,Google,2024-10-10
497,1047,233,Australia,2024-02-18,1201.99,Confirmed,Referral,2024-03-19
498,1088,290,Australia,2023-12-08,1341.5,Confirmed,Instagram,2024-02-29
499,1236,216,UK,2023-08-08,1807.0,Confirmed,Instagram,2023-09-17
500,1372,242,Germany,2023-06-12,1683.0,Cancelled,Referral,2023-08-10
501,1384,258,Canada,2023-08-08,813.99,Pending,Instagram,2023-10-15
502,1271,250,Australia,2023-09-27,1781.5,Confirmed,Google,2023-11-27
503,1188,253,Germany,2024-09-23,1498.0,Cancelled,Instagram,2024-12-05
504,1191,223,UK,2024-02-04,1778.5,Confirmed,Instagram,2024-04-09
505,1068,224,USA,2023-07-01,1309.0,Confirmed,Other,2023-07-07
506,1277,270,Germany,2024-09-09,587.99,Confirmed,Other,2024-11-07
507,1348,251,Germany,2024-12-29,1713.99,Confirmed,Other,2025-03-23
508,1246,269,USA,2023-07-24,444.5,Confirmed,Instagram,2023-09-04
509,1075,287,Germany,2024-08-04,1996.99,Confirmed,Referral,2024-10-27
510,1153,232,UK,2024-07-09,482.0,Confirmed,Google,2024-09-29
511,1143,248,UK,2023-08-16,1546.99,Confirmed,Instagram,2023-09-18
512,1085,228,USA,2024-11-26,757.5,Confirmed,Referral,2024-12-26
513,1184,262,Canada,2024-09-10,1951.5,Cancelled,Instagram,2024-10-19
514,1284,221,Australia,2024-08-18,1489.5,Confirmed,Google,2024-11-09
515,1219,225,Canada,2023-09-07,1335.0,Cancelled,Instagram,2023-11-17
516,1068,227,Germany,2024-03-16,774.0,Confirmed,Google,2024-04-18
517,1046,284,Australia,2024-06-16,561.0,Confirmed,Instagram,2024-07-24
518,1093,248,USA,2023-07-15,1803.0,Pending,Google,2023-08-29
519,1237,270,USA,2024-11-20,1781.0,Confirmed,Instagram,2025-01-04
520,1203,280,Australia,2024-06-02,1611.99,Confirmed,Google,2024-06-29
521,1399,283,UK,2023-03-11,721.0,Cancelled,Other,2023-05-25
522,1217,248,Australia,2024-09-30,849.0,Confirmed,Instagram,2024-10-07
523,1340,219,Germany,2024-02-03,1897.99,Confirmed,Instagram,2024-04-05
524,1038,285,UK,2024-11-02,1436.0,Confirmed,Referral,2024-12-08
525,1099,291,USA,2023-07-22,583.5,Confirmed,Referral,2023-08-26
526,1288,262,Australia,2023-05-28,510.0,Confirmed,Google,2023-08-22
527,1253,260,Canada,2024-04-16,907.0,Confirmed,Instagram,2024-06-02
528,1221,248,Canada,2024-10-16,1713.5,Cancelled,Google,2024-10-27
529,1356,270,Germany,2023-07-18,694.5,Cancelled,Other,2023-07-23
530,1022,200,Canada,2024-03-01,1874.5,Cancelled,Referral,2024-05-05
531,1249,295,Australia,2024-10-27,1303.5,Confirmed,Google,2024-11-14
532,1009,212,Australia,2024-05-06,1638.0,Cancelled,Google,2024-07-01
533,1245,293,Canada,2023-05-22,1373.5,Confirmed,Referral,2023-06-01
534,1324,286,Australia,2023-11-09,1031.5,Cancelled,Instagram,2023-11-23
535,1099,250,Germany,2023-06-14,1990.99,Cancelled,Google,2023-08-28
536,1289,255,UK,2023-11-10,1450.5,Cancelled,Referral,2023-12-14
537,1179,282,Germany,2023-01-21,1132.5,Confirmed,Instagram,2023-02-15
538,1222,261,Germany,2023-03-23,1654.99,Confirmed,Other,2023-05-26
539,1393,231,Australia,2024-08-03,1988.99,Confirmed,Referral,2024-10-27
540,1249,229,UK,2023-05-11,720.0,Cancelled,Google,2023-07-28
541,1146,228,Australia,2024-08-21,1312.99,Confirmed,Other,2024-10-27
542,1095,248,USA,2024-12-30,1656.0,Cancelled,Instagram,2025-02-14
543,1256,244,Australia,2023-11-01,836.99,Confirmed,Instagram,2023-12-26
544,1324,292,Australia,2024-01-06,1180.99,Confirmed,Referral,2024-03-14
545,1003,229,Australia,2024-01-19,1956.0,Confirmed,Referral,2024-04-08
546,1015,215,UK,2024-03-20,1826.99,Confirmed,Referral,2024-05-19
547,1279,239,Australia,2024-02-29,1476.0,Confirmed,Instagram,2024-05-23
548,1335,218,UK,2023-06-10,1736.99,Confirmed,Other,2023-07-25
549,1246,217,Canada,2023-06-27,1704.5,Pending,Instagram,2023-08-02
550,1257,200,USA,2024-09-20,1125.99,Confirmed,Google,2024-10-09
551,1383,277,UK,2024-12-08,430.0,Confirmed,Instagram,2025-02-12
552,1159,246,Canada,2024-05-04,736.99,Cancelled,Google,2024-06-04
553,1339,265,UK,2023-11-23,582.0,Cancelled,Other,2023-12-25
554,1151,291,UK,2024-08-20,1446.0,Cancelled,Referral,2024-11-13
555,1395,293,USA,2023-10-16,943.5,Confirmed,Referral,2023-12-23
556,1177,237,Germany,2024-08-15,1869.5,Cancelled,Instagram,2024-10-17
557,1162,250,Germany,2024-10-25,1497.0,Cancelled,Referral,2024-12-26
558,1379,262,UK,2024-07-26,1433.99,Confirmed,Other,2024-08-01
559,1032,203,Australia,2024-07-26,1907.0,Confirmed,Referral,2024-09-04
560,1178,200,Canada,2023-12-20,1879.0,Confirmed,Instagram,2024-03-04
561,1100,207,Australia,2023-01-28,1989.99,Confirmed,Other,2023-02-14
562,1267,228,Australia,2023-02-12,1987.99,Cancelled,Google,2023-03-03
563,1322,254,UK,2024-11-11,1059.99,Confirmed,Instagram,2025-01-14
564,1064,202,UK,2024-02-27,559.99,Pending,Google,2024-03-24
565,1167,231,UK,2024-08-20,1437.0,Confirmed,Other,2024-10-26
566,1329,209,UK,2023-06-26,1601.0,Confirmed,Instagram,2023-09-13
567,1042,273,Germany,2024-06-12,811.5,Confirmed,Instagram,2024-08-29
568,1043,282,UK,2024-09-01,1411.0,Confirmed,Other,2024-09-30
569,1284,233,Germany,2024-05-08,452.99,Cancelled,Referral,2024-06-29
570,1396,296,Germany,2023-07-17,807.5,Cancelled,Instagram,2023-09-02
571,1011,286,UK,2024-09-01,1246.99,Confirmed,Instagram,2024-10-13
572,1094,254,USA,2024-07-30,1445.0,Confirmed,Google,2024-09-13
573,1301,291,Canada,2024-05-31,1453.5,Confirmed,Referral,2024-07-19
574,1385,231,Australia,2024-05-28,1102.99,Cancelled,Google,2024-07-11
575,1252,249,Germany,2023-01-22,659.5,Confirmed,Google,2023-02-12
576,1241,206,Canada,2023-04-22,1628.5,Confirmed,Referral,2023-06-22
577,1034,292,USA,2023-02-26,1482.0,Confirmed,Referral,2023-03-04
578,1214,207,Australia,2023-03-07,1894.99,Pending,Other,2023-05-12
579,1336,264,Australia,2023-04-08,1175.5,Confirmed,Referral,2023-04-21
580,1089,256,Germany,2023-05-24,1889.5,Confirmed,Instagram,2023-08-04
581,1263,266,UK,2024-03-10,1435.99,Cancelled,Referral,2024-06-03
582,1092,287,USA,2024-09-28,1713.5,Confirmed,Other,2024-10-19
583,1089,286,Germany,2024-11-09,1249.5,Confirmed,Other,2025-01-02
584,1114,258,USA,2023-03-27,753.5,Pending,Other,2023-05-10
585,1104,271,UK,2024-08-10,1498.99,Cancelled,Referral,2024-10-11
586,1390,253,UK,2023-12-10,1272.99,Confirmed,Referral,2024-02-27
587,1195,266,Germany,2023-10-21,1984.99,Confirmed,Google,2024-01-18
588,1313,250,UK,2024-07-24,1864.99,Confirmed,Google,2024-08-18
589,1113,296,Canada,2024-10-11,1390.0,Cancelled,Instagram,2024-11-02
590,1074,291,Australia,2024-09-02,1664.5,Confirmed,Google,2024-10-31
591,1375,207,Germany,2024-12-04,1417.99,Cancelled,Instagram,2025-01-06
592,1216,233,USA,2023-08-31,1577.5,Confirmed,Other,2023-09-28
593,1276,234,Canada,2024-07-14,1519.5,Confirmed,Google,2024-09-30
594,1248,295,Germany,2023-02-01,693.0,Cancelled,Referral,2023-02-22
595,1163,287,UK,2024-01-26,608.99,Pending,Google,2024-02-17
596,1393,277,UK,2023-10-04,1766.99,Confirmed,Instagram,2023-11-19
597,1356,231,UK,2024-06-15,1511.5,Confirmed,Google,2024-09-11
598,1191,245,UK,2023-06-03,1217.99,Confirmed,Other,2023-07-22
599,1226,215,USA,2024-01-18,789.5,Cancelled,Referral,2024-04-13
600,1176,267,Canada,2023-03-09,724.5,Pending,Instagram,2023-03-30
601,1098,236,Australia,2023-08-02,1339.0,Confirmed,Referral,2023-10-18
602,1035,253,USA,2024-10-16,1288.0,Cancelled,Referral,2024-11-03
603,1095,284,USA,2024-01-11,1580.0,Confirmed,Instagram,2024-03-04
604,1151,213,Australia,2023-08-01,1067.5,Confirmed,Referral,2023-09-03
605,1150,294,Australia,2023-03-20,1032.99,Confirmed,Referral,2023-03-28
606,1189,254,UK,2024-12-26,976.0,Confirmed,Google,2025-03-22
607,1223,247,USA,2024-09-19,536.99,Confirmed,Referral,2024-10-13
608,1036,281,Germany,2024-08-26,827.0,Confirmed,Referral,2024-10-16
609,1267,206,Australia,2024-01-16,1875.0,Confirmed,Referral,2024-01-29
610,1368,273,Australia,2024-11-10,1011.5,Pending,Referral,2025-01-30
611,1182,206,Canada,2023-02-27,1310.0,Confirmed,Instagram,2023-05-21
612,1012,232,Germany,2023-01-26,1218.0,Confirmed,Other,2023-02-26
613,1278,222,Germany,2024-03-22,540.5,Confirmed,Google,2024-04-10
614,1216,284,Australia,2023-03-07,1506.99,Cancelled,Referral,2023-03-30
615,1354,218,UK,2023-09-11,576.0,Confirmed,Referral,2023-11-06
616,1360,218,Canada,2023-02-13,597.5,Confirmed,Instagram,2023-03-15
617,1285,235,Germany,2023-04-07,1023.0,Pending,Other,2023-05-07
618,1272,228,Australia,2024-07-07,1991.5,Confirmed,Referral,2024-08-06
619,1368,259,Germany,2023-08-15,1090.99,Confirmed,Instagram,2023-10-04
620,1061,281,Canada,2024-11-09,1844.99,Cancelled,Google,2025-01-01
621,1083,201,Canada,2024-03-11,800.5,Confirmed,Google,2024-06-05
622,1367,200,USA,2024-08-23,870.5,Confirmed,Referral,2024-10-19
623,1216,246,Australia,2024-01-14,617.5,Confirmed,Referral,2024-01-21
624,1341,268,Canada,2023-06-27,1328.99,Confirmed,Other,2023-09-05
625,1396,219,USA,2024-03-02,1031.0,Confirmed,Other,2024-04-17
626,1186,210,USA,2024-12-09,1350.99,Confirmed,Referral,2025-01-01
627,1018,201,Germany,2023-11-03,1305.5,Confirmed,Instagram,2023-11-24
628,1176,266,Germany,2024-05-18,574.5,Confirmed,Other,2024-06-24
629,1099,286,USA,2023-09-25,422.99,Cancelled,Referral,2023-12-14
630,1395,211,Germany,2024-08-08,634.5,Confirmed,Other,2024-09-30
631,1232,219,Canada,2023-01-08,1436.99,Confirmed,Referral,2023-03-09
632,1075,204,UK,2024-05-22,1524.5,Cancelled,Google,2024-07-28
633,1264,236,Canada,2024-04-20,1328.0,Cancelled,Referral,2024-04-27
634,1283,237,USA,2023-10-24,1959.0,Confirmed,Google,2023-12-16
635,1205,293,USA,2023-06-13,922.5,Pending,Other,2023-08-11
636,1222,208,Canada,2024-04-29,1875.99,Confirmed,Referral,2024-05-29
637,1383,297,Germany,2024-08-19,830.0,Confirmed,Other,2024-11-03
638,1051,252,Germany,2023-03-13,1192.99,Cancelled,Google,2023-05-08
639,1338,243,USA,2024-07-20,932.5,Confirmed,Referral,2024-07-31
640,1366,298,Australia,2024-07-12,1378.99,Confirmed,Other,2024-08-31
641,1143,285,Germany,2023-08-26,1716.0,Confirmed,Google,2023-10-15
642,1372,223,Canada,2023-04-14,1209.99,Confirmed,Other,2023-05-04
643,1068,280,Germany,2023-07-29,1312.99,Confirmed,Instagram,2023-08-26
644,1098,273,Canada,2024-07-07,1524.5,Pending,Google,2024-09-10
645,1395,229,USA,2024-04-12,1925.5,Confirmed,Google,2024-06-09
646,1024,258,Germany,2024-03-29,1727.5,Cancelled,Google,2024-06-03
647,1378,286,Canada,2023-09-25,1270.0,Confirmed,Referral,2023-09-30
648,1052,295,USA,2024-01-21,939.0,Cancelled,Referral,2024-03-14
649,1150,280,Australia,2024-01-22,1423.5,Cancelled,Referral,2024-02-20
650,1143,280,Canada,2023-09-16,1976.5,Cancelled,Instagram,2023-09-30
651,1056,213,Australia,2023-10-10,1778.0,Confirmed,Instagram,2024-01-02
652,1038,208,Australia,2024-09-17,1726.0,Confirmed,Google,2024-10-07
653,1108,239,UK,2023-02-09,1919.0,Confirmed,Instagram,2023-04-12
654,1180,265,Germany,2024-04-30,626.0,Cancelled,Other,2024-07-15
655,1041,224,Canada,2023-08-08,1659.5,Cancelled,Google,2023-09-10
656,1185,272,Australia,2023-05-09,1272.0,Confirmed,Google,2023-05-19
657,1397,221,UK,2024-06-03,1291.5,Confirmed,Other,2024-06-23
658,1222,203,USA,2024-09-04,1878.99,Confirmed,Google,2024-09-28
659,1121,225,Canada,2024-11-18,1436.99,Confirmed,Instagram,2025-02-10
660,1132,257,Australia,2024-09-10,609.0,Confirmed,Referral,2024-11-24
661,1162,228,Germany,2024-09-04,1140.99,Cancelled,Other,2024-11-25
662,1214,297,UK,2023-09-17,796.99,Pending,Instagram,2023-11-03
663,1220,286,Australia,2024-01-01,1523.99,Confirmed,Other,2024-01-31
664,1234,236,Germany,2024-06-27,430.0,Confirmed,Other,2024-09-17
665,1330,274,Australia,2024-10-10,1297.0,Confirmed,Google,2024-12-24
666,1145,269,Canada,2024-06-07,1951.99,Confirmed,Google,2024-07-14
667,1238,217,Canada,2023-01-16,1048.5,Confirmed,Instagram,2023-02-15
668,1075,284,Canada,2023-05-09,728.99,Confirmed,Other,2023-06-27
669,1008,241,UK,2024-07-28,1589.0,Cancelled,Google,2024-10-24
670,1073,299,Canada,2023-04-19,1882.0,Confirmed,Google,2023-06-25
671,1252,240,Germany,2024-06-16,1351.0,Confirmed,Other,2024-08-26
672,1229,237,Australia,2024-10-31,1523.99,Pending,Instagram,2024-12-26
673,1006,233,USA,2023-09-26,1020.5,Cancelled,Instagram,2023-12-07
674,1173,216,Germany,2023-06-11,1596.0,Confirmed,Other,2023-07-11
675,1140,236,Germany,2023-09-17,561.0,Confirmed,Instagram,2023-12-05
676,1167,224,Canada,2023-04-12,1175.99,Confirmed,Google,2023-04-18
677,1169,275,UK,2024-05-20,1686.5,Cancelled,Other,2024-06-07
678,1392,286,Australia,2024-07-24,673.99,Cancelled,Google,2024-08-27
679,1282,285,UK,2023-09-04,1426.0,Cancelled,Referral,2023-10-27
680,1121,284,Australia,2024-10-01,1451.5,Confirmed,Referral,2024-10-17
681,1193,226,Australia,2024-06-20,725.5,Cancelled,Instagram,2024-08-07
682,1004,256,UK,2023-05-11,1339.0,Confirmed,Referral,2023-06-17
683,1028,230,Germany,2023-12-19,1572.5,Confirmed,Google,2024-01-05
684,1164,205,Australia,2023-07-15,939.5,Confirmed,Referral,2023-10-05
685,1338,290,UK,2024-10-27,887.99,Confirmed,Google,2024-11-26
686,1135,239,Australia,2024-01-17,1221.0,Confirmed,Instagram,2024-02-11
687,1364,297,USA,2024-10-06,1861.0,Cancelled,Instagram,2024-11-07
688,1320,211,Germany,2023-08-15,1488.0,Pending,Google,2023-10-06
689,1341,252,Canada,2024-12-01,755.0,Confirmed,Referral,2025-01-14
690,1144,270,Australia,2024-04-20,1956.0,Confirmed,Instagram,2024-06-29
691,1326,209,USA,2024-04-21,1675.5,Confirmed,Other,2024-07-07
692,1216,244,Canada,2023-09-22,634.99,Confirmed,Instagram,2023-12-14
693,1300,216,Canada,2024-01-07,626.0,Confirmed,Referral,2024-03-28
694,1131,225,Australia,2024-04-30,1948.99,Pending,Other,2024-05-27
695,1291,284,UK,2024-03-09,1736.99,Confirmed,Referral,2024-06-02
696,1069,291,Australia,2024-10-07,448.5,Confirmed,Google,2024-11-28
697,1251,261,USA,2023-07-30,517.0,Confirmed,Other,2023-08-05
698,1274,245,Canada,2024-07-25,453.5,Cancelled,Referral,2024-10-21
699,1363,263,Australia,2024-01-12,964.0,Cancelled,Other,2024-02-05
700,1181,201,UK,2024-01-30,1467.5,Pending,Referral,2024-04-02
701,1166,253,Australia,2024-03-25,452.99,Cancelled,Other,2024-05-14
702,1090,264,Germany,2023-12-30,957.0,Confirmed,Referral,2024-01-06
703,1201,250,UK,2024-04-01,1948.99,Confirmed,Google,2024-05-30
704,1345,252,USA,2024-12-25,1525.99,Cancelled,Other,2025-01-10
705,1018,235,Canada,2024-12-28,1267.5,Confirmed,Other,2025-02-10
706,1038,225,Australia,2023-08-14,797.0,Confirmed,Other,2023-10-23
707,1125,228,UK,2023-05-11,1561.99,Confirmed,Other,2023-08-01
708,1172,220,Germany,2024-08-10,1074.5,Confirmed,Google,2024-08-30
709,1140,210,UK,2024-04-20,786.0,Confirmed,Other,2024-07-16
710,1241,239,Germany,2023-10-04,510.0,Confirmed,Instagram,2023-11-11
711,1219,210,USA,2023-06-05,1013.99,Cancelled,Google,2023-07-23
712,1125,235,Canada,2023-08-06,416.0,Confirmed,Instagram,2023-08-16
713,1057,258,USA,2023-07-09,1605.99,Confirmed,Other,2023-09-28
714,1147,238,Australia,2024-02-21,1283.0,Confirmed,Referral,2024-04-29
715,1316,298,UK,2024-11-05,1959.5,Confirmed,Instagram,2024-12-01
716,1382,253,Germany,2024-11-22,940.99,Confirmed,Other,2024-12-14
717,1360,297,Germany,2024-06-29,570.99,Confirmed,Instagram,2024-07-15
718,1000,254,UK,2023-02-10,808.0,Confirmed,Other,2023-04-07
719,1386,223,UK,2023-11-03,1139.0,Confirmed,Other,2023-12-28
720,1347,221,Australia,2023-12-04,1801.99,Confirmed,Other,2024-02-17
721,1189,268,USA,2023-11-10,1611.0,Confirmed,Referral,2024-01-01
722,1190,255,Germany,2023-03-16,1257.5,Confirmed,Instagram,2023-04-08
723,1368,232,Australia,2023-10-06,629.0,Confirmed,Google,2023-10-16
724,1311,235,USA,2023-06-25,518.5,Confirmed,Google,2023-09-21
725,1116,219,Australia,2024-10-23,1579.5,Confirmed,Google,2024-11-23
726,1133,282,Germany,2023-09-30,1183.5,Confirmed,Google,2023-11-26
727,1057,298,UK,2024-09-11,864.5,Confirmed,Other,2024-11-02
728,1043,280,UK,2024-10-12,503.5,Confirmed,Instagram,2024-10-23
729,1172,261,USA,2023-10-16,1097.0,Cancelled,Instagram,2023-12-18
730,1159,297,Canada,2024-12-24,1925.5,Cancelled,Referral,2025-03-07
731,1172,272,USA,2023-09-29,574.0,Cancelled,Instagram,2023-10-14
732,1316,225,Canada,2023-03-07,1144.5,Cancelled,Instagram,2023-03-26
733,1302,265,Australia,2024-04-27,1844.99,Confirmed,Instagram,2024-07-04
734,1148,272,Australia,2023-09-05,1557.5,Cancelled,Referral,2023-09-12
735,1079,272,Germany,2023-06-05,1814.99,Confirmed,Google,2023-08-17
736,1373,239,Canada,2023-02-16,1924.5,Confirmed,Instagram,2023-03-15
737,1212,216,Germany,2024-03-29,1064.5,Confirmed,Referral,2024-05-25
738,1202,200,UK,2023-07-20,432.5,Confirmed,Referral,2023-08-30
739,1251,288,Canada,2024-10-21,454.99,Pending,Other,2024-11-03
740,1228,260,USA,2023-05-04,918.99,Confirmed,Referral,2023-05-23
741,1163,242,UK,2023-01-01,1155.5,Cancelled,Google,2023-01-08
742,1226,241,UK,2024-10-01,411.0,Confirmed,Instagram,2024-12-14
743,1146,224,USA,2023-07-10,1951.5,Confirmed,Referral,2023-07-31
744,1019,238,UK,2024-08-01,1119.99,Confirmed,Google,2024-08-31
745,1046,234,Canada,2024-05-30,954.5,Confirmed,Referral,2024-06-24
746,1232,202,Germany,2024-03-17,772.99,Cancelled,Referral,2024-06-01
747,1304,243,UK,2023-05-23,883.99,Confirmed,Referral,2023-06-17
748,1013,250,Canada,2023-07-10,1372.99,Confirmed,Referral,2023-07-25
749,1142,293,Australia,2024-06-16,1651.5,Cancelled,Referral,2024-07-28
750,1000,297,Canada,2023-08-15,1022.99,Confirmed,Google,2023-10-30
751,1372,211,Germany,2023-11-09,706.99,Pending,Instagram,2023-12-18
752,1053,218,Canada,2024-09-20,856.5,Confirmed,Instagram,2024-10-08
753,1373,243,USA,2023-10-29,559.99,Confirmed,Instagram,2023-11-16
754,1258,258,Germany,2024-10-15,730.5,Confirmed,Instagram,2024-10-29
755,1143,248,Australia,2024-04-04,1175.99,Confirmed,Google,2024-04-20
756,1011,260,USA,2024-02-05,624.0,Confirmed,Other,2024-03-18
757,1329,216,Canada,2024-07-04,1382.0,Confirmed,Other,2024-08-11
758,1223,273,Germany,2024-01-28,1128.99,Cancelled,Google,2024-03-13
759,1271,256,Australia,2023-07-26,1927.0,Cancelled,Google,2023-08-09
760,1357,254,USA,2023-07-29,1879.5,Confirmed,Referral,2023-08-19
761,1155,246,Australia,2023-04-25,1468.0,Confirmed,Referral,2023-05-16
762,1372,211,Canada,2024-10-07,1637.99,Confirmed,Referral,2024-12-17
763,1007,261,Australia,2023-09-08,1482.99,Confirmed,Instagram,2023-11-13
764,1121,279,UK,2023-08-07,1043.5,Cancelled,Referral,2023-08-12
765,1347,287,USA,2024-02-11,1015.99,Confirmed,Other,2024-02-27
766,1163,282,Australia,2024-03-18,594.5,Confirmed,Instagram,2024-03-26
767,1089,207,Canada,2024-08-25,888.0,Confirmed,Referral,2024-10-10
768,1135,294,Canada,2023-12-20,556.0,Pending,Instagram,2024-01-06
769,1185,220,Australia,2024-07-11,1009.5,Confirmed,Other,2024-10-08
770,1315,280,Canada,2024-07-03,1649.5,Confirmed,Referral,2024-07-11
771,1177,286,Germany,2023-05-22,811.99,Confirmed,Other,2023-08-16
772,1027,279,Germany,2024-09-03,1628.0,Confirmed,Other,2024-11-15
773,1219,269,Germany,2024-05-15,1502.5,Confirmed,Other,2024-06-07
774,1356,271,UK,2024-12-02,1547.0,Confirmed,Referral,2024-12-08
775,1040,224,Australia,2024-06-30,870.5,Cancelled,Google,2024-07-16
776,1227,281,UK,2024-10-20,1641.0,Confirmed,Referral,2025-01-13
777,1191,288,Canada,2024-06-25,915.99,Confirmed,Other,2024-09-11
778,1144,211,UK,2024-05-21,1527.0,Pending,Referral,2024-05-31
779,1200,214,Canada,2024-08-18,792.0,Cancelled,Other,2024-08-30
780,1211,258,Canada,2023-10-08,1030.0,Confirmed,Google,2023-12-02
781,1219,225,USA,2024-02-28,1007.0,Confirmed,Instagram,2024-03-14
782,1239,225,Germany,2023-09-27,1379.0,Confirmed,Google,2023-12-03
783,1396,246,Canada,2023-06-03,833.99,Cancelled,Google,2023-08-03
784,1045,231,USA,2024-09-05,1754.5,Confirmed,Instagram,2024-09-21
785,1034,209,Germany,2024-12-27,1566.0,Confirmed,Referral,2025-03-14
786,1252,215,Canada,2024-10-23,939.99,Confirmed,Instagram,2024-10-29
787,1389,270,Canada,2023-03-24,677.0,Confirmed,Referral,2023-04-05
788,1081,216,UK,2024-09-13,632.0,Confirmed,Referral,2024-09-28
789,1370,222,UK,2024-03-01,1952.5,Confirmed,Other,2024-04-27
790,1255,225,Germany,2023-10-02,1994.0,Confirmed,Other,2023-10-16
791,1196,284,Canada,2024-12-13,1513.99,Confirmed,Instagram,2025-03-12
792,1302,285,Australia,2023-10-11,1915.99,Confirmed,Google,2024-01-07
793,1009,206,UK,2023-06-22,1622.5,Confirmed,Instagram,2023-07-04
794,1311,213,Germany,2023-11-23,761.0,Confirmed,Referral,2024-01-02
795,1285,278,Canada,2024-12-18,1864.99,Confirmed,Other,2025-03-08
796,1241,206,Canada,2023-03-04,425.0,Confirmed,Instagram,2023-03-22
797,1250,208,Australia,2023-03-14,1448.0,Cancelled,Instagram,2023-05-11
798,1364,247,Germany,2024-09-27,1817.0,Cancelled,Other,2024-12-25
799,1004,271,Canada,2024-01-10,906.5,Cancelled,Other,2024-02-04
800,1118,258,UK,2024-09-24,1724.0,Confirmed,Other,2024-11-17
